-- Crear BD:
CREATE DATABASE api CHARACTER SET utf8 COLLATE utf8_unicode_ci;

-- Doctores:
insert into doctor (id, nombre, apellido, genero, imagen) values (1, 'Gianpiero', 'Zambrano', 'M', 'https://res.cloudinary.com/dyxvjcvz6/image/upload/v1655671869/xcmbohwdmavvqdqzx55v.png');
insert into doctor (id, nombre, apellido, genero, imagen) values (2, 'Tomás', 'Viloria', 'M', 'https://res.cloudinary.com/dyxvjcvz6/image/upload/v1655564222/aqjjjwwnnpieo0d9y5zn.jpg');
insert into doctor (id, nombre, apellido, genero, imagen) values (3, 'Jesús', 'Ramírez', 'M', 'https://res.cloudinary.com/dyxvjcvz6/image/upload/v1655564222/aqjjjwwnnpieo0d9y5zn.jpg');
insert into doctor (id, nombre, apellido, genero, imagen) values (4, 'Rafael', 'Cossi', 'M', 'https://res.cloudinary.com/dyxvjcvz6/image/upload/v1655671921/b5qywxht1sodezzaebnz.png');
insert into doctor (id, nombre, apellido, genero, imagen) values (5, 'Santiago', 'Licciardino', 'M', 'https://res.cloudinary.com/dyxvjcvz6/image/upload/v1655671921/b5qywxht1sodezzaebnz.png');
insert into doctor (id, nombre, apellido, genero, imagen) values (6, 'Leonardo', 'Gómez', 'M', 'https://res.cloudinary.com/dyxvjcvz6/image/upload/v1655671869/xcmbohwdmavvqdqzx55v.png');
insert into doctor (id, nombre, apellido, genero, imagen) values (7, 'Leonardo', 'Rubio', 'M', 'https://res.cloudinary.com/dyxvjcvz6/image/upload/v1655671851/zzp2xljykuujgij6i2it.png');
insert into doctor (id, nombre, apellido, genero, imagen) values (8, 'Luciano', 'Melgarejo', 'M', 'https://res.cloudinary.com/dyxvjcvz6/image/upload/v1655671802/wqj9qigpdohsx9faus8i.png');
insert into doctor (id, nombre, apellido, genero, imagen) values (9, 'Diego', 'Figuera', 'M', 'https://res.cloudinary.com/dyxvjcvz6/image/upload/v1655671888/bbapcghpfmpbhldm5la0.png');
insert into doctor (id, nombre, apellido, genero, imagen) values (10, 'Álvaro', 'Roque', 'M', 'https://res.cloudinary.com/dyxvjcvz6/image/upload/v1655671802/wqj9qigpdohsx9faus8i.png');
insert into doctor (id, nombre, apellido, genero, imagen) values (11, 'Tobías', 'Roque', 'M', 'https://res.cloudinary.com/dyxvjcvz6/image/upload/v1655671851/zzp2xljykuujgij6i2it.png');
insert into doctor (id, nombre, apellido, genero, imagen) values (12, 'Alfredo', 'Madriz', 'M', 'https://res.cloudinary.com/dyxvjcvz6/image/upload/v1655671869/xcmbohwdmavvqdqzx55v.png');
insert into doctor (id, nombre, apellido, genero, imagen) values (13, 'Erick', 'Macero', 'M', 'https://res.cloudinary.com/dyxvjcvz6/image/upload/v1655671898/ncbhifq79ztdb3akmrrh.png');
insert into doctor (id, nombre, apellido, genero, imagen) values (14, 'Pablo', 'Millan', 'M', 'https://res.cloudinary.com/dyxvjcvz6/image/upload/v1655671921/b5qywxht1sodezzaebnz.png');
insert into doctor (id, nombre, apellido, genero, imagen) values (15, 'Tomás', 'Villanueva', 'M', 'https://res.cloudinary.com/dyxvjcvz6/image/upload/v1655671869/xcmbohwdmavvqdqzx55v.png');
insert into doctor (id, nombre, apellido, genero, imagen) values (16, 'Rafael', 'Guadarrama', 'M', 'https://res.cloudinary.com/dyxvjcvz6/image/upload/v1655671869/xcmbohwdmavvqdqzx55v.png');
insert into doctor (id, nombre, apellido, genero, imagen) values (17, 'Gregorio', 'Belizario', 'M', 'https://res.cloudinary.com/dyxvjcvz6/image/upload/v1655671888/bbapcghpfmpbhldm5la0.png');
insert into doctor (id, nombre, apellido, genero, imagen) values (18, 'Tobías', 'Cossi', 'M', 'https://res.cloudinary.com/dyxvjcvz6/image/upload/v1655671921/b5qywxht1sodezzaebnz.png');
insert into doctor (id, nombre, apellido, genero, imagen) values (19, 'Ángel', 'Rangel', 'M', 'https://res.cloudinary.com/dyxvjcvz6/image/upload/v1655671946/mrmyipxsqyenwdo50wsy.png');
insert into doctor (id, nombre, apellido, genero, imagen) values (20, 'Iván', 'Ortiz', 'M', 'https://res.cloudinary.com/dyxvjcvz6/image/upload/v1655564222/aqjjjwwnnpieo0d9y5zn.jpg');
insert into doctor (id, nombre, apellido, genero, imagen) values (21, 'Franco', 'Bermúdez', 'M', 'https://res.cloudinary.com/dyxvjcvz6/image/upload/v1655564222/aqjjjwwnnpieo0d9y5zn.jpg');
insert into doctor (id, nombre, apellido, genero, imagen) values (22, 'Diego', 'Guadarrama', 'M', 'https://res.cloudinary.com/dyxvjcvz6/image/upload/v1655671802/wqj9qigpdohsx9faus8i.png');
insert into doctor (id, nombre, apellido, genero, imagen) values (23, 'David', 'Torres', 'M', 'https://res.cloudinary.com/dyxvjcvz6/image/upload/v1655671802/wqj9qigpdohsx9faus8i.png');
insert into doctor (id, nombre, apellido, genero, imagen) values (24, 'Erick', 'Rueda', 'M', 'https://res.cloudinary.com/dyxvjcvz6/image/upload/v1655671898/ncbhifq79ztdb3akmrrh.png');
insert into doctor (id, nombre, apellido, genero, imagen) values (25, 'Francisco', 'Alvarez', 'M', 'https://res.cloudinary.com/dyxvjcvz6/image/upload/v1655671851/zzp2xljykuujgij6i2it.png');
insert into doctor (id, nombre, apellido, genero, imagen) values (26, 'Carlos', 'Perozo', 'M', 'https://res.cloudinary.com/dyxvjcvz6/image/upload/v1655671921/b5qywxht1sodezzaebnz.png');
insert into doctor (id, nombre, apellido, genero, imagen) values (27, 'Ismael', 'Ruiz', 'M', 'https://res.cloudinary.com/dyxvjcvz6/image/upload/v1655671802/wqj9qigpdohsx9faus8i.png');
insert into doctor (id, nombre, apellido, genero, imagen) values (28, 'Erick', 'Barreto', 'M', 'https://res.cloudinary.com/dyxvjcvz6/image/upload/v1655671851/zzp2xljykuujgij6i2it.png');
insert into doctor (id, nombre, apellido, genero, imagen) values (29, 'Tobías', 'Juárez', 'M', 'https://res.cloudinary.com/dyxvjcvz6/image/upload/v1655671851/zzp2xljykuujgij6i2it.png');
insert into doctor (id, nombre, apellido, genero, imagen) values (30, 'Ángel', 'Vega', 'M', 'https://res.cloudinary.com/dyxvjcvz6/image/upload/v1655671888/bbapcghpfmpbhldm5la0.png');
insert into doctor (id, nombre, apellido, genero, imagen) values (31, 'Victor', 'Bustillo', 'M', 'https://res.cloudinary.com/dyxvjcvz6/image/upload/v1655671888/bbapcghpfmpbhldm5la0.png');
insert into doctor (id, nombre, apellido, genero, imagen) values (32, 'Alfredo', 'Espinoza', 'M', 'https://res.cloudinary.com/dyxvjcvz6/image/upload/v1655671898/ncbhifq79ztdb3akmrrh.png');
insert into doctor (id, nombre, apellido, genero, imagen) values (33, 'Tomás', 'Juárez', 'M', 'https://res.cloudinary.com/dyxvjcvz6/image/upload/v1655671869/xcmbohwdmavvqdqzx55v.png');
insert into doctor (id, nombre, apellido, genero, imagen) values (34, 'Vicente', 'Romero', 'M', 'https://res.cloudinary.com/dyxvjcvz6/image/upload/v1655671869/xcmbohwdmavvqdqzx55v.png');
insert into doctor (id, nombre, apellido, genero, imagen) values (35, 'Angelo', 'Pieruzzini', 'M', 'https://res.cloudinary.com/dyxvjcvz6/image/upload/v1655671898/ncbhifq79ztdb3akmrrh.png');
insert into doctor (id, nombre, apellido, genero, imagen) values (36, 'Abraham', 'Volcanes', 'M', 'https://res.cloudinary.com/dyxvjcvz6/image/upload/v1655671921/b5qywxht1sodezzaebnz.png');
insert into doctor (id, nombre, apellido, genero, imagen) values (37, 'Rafael', 'Figuera', 'M', 'https://res.cloudinary.com/dyxvjcvz6/image/upload/v1655671851/zzp2xljykuujgij6i2it.png');
insert into doctor (id, nombre, apellido, genero, imagen) values (38, 'Franco', 'Millan', 'M', 'https://res.cloudinary.com/dyxvjcvz6/image/upload/v1655671946/mrmyipxsqyenwdo50wsy.png');
insert into doctor (id, nombre, apellido, genero, imagen) values (39, 'Ismael', 'Contreras', 'M', 'https://res.cloudinary.com/dyxvjcvz6/image/upload/v1655671921/b5qywxht1sodezzaebnz.png');
insert into doctor (id, nombre, apellido, genero, imagen) values (40, 'Tobías', 'Duque', 'M', 'https://res.cloudinary.com/dyxvjcvz6/image/upload/v1655671888/bbapcghpfmpbhldm5la0.png');
insert into doctor (id, nombre, apellido, genero, imagen) values (41, 'José', 'Licciardino', 'M', 'https://res.cloudinary.com/dyxvjcvz6/image/upload/v1655671921/b5qywxht1sodezzaebnz.png');
insert into doctor (id, nombre, apellido, genero, imagen) values (42, 'José', 'Barreto', 'M', 'https://res.cloudinary.com/dyxvjcvz6/image/upload/v1655564222/aqjjjwwnnpieo0d9y5zn.jpg');
insert into doctor (id, nombre, apellido, genero, imagen) values (43, 'Christian', 'Vega', 'M', 'https://res.cloudinary.com/dyxvjcvz6/image/upload/v1655671888/bbapcghpfmpbhldm5la0.png');
insert into doctor (id, nombre, apellido, genero, imagen) values (44, 'Alfredo', 'Contreras', 'M', 'https://res.cloudinary.com/dyxvjcvz6/image/upload/v1655671851/zzp2xljykuujgij6i2it.png');
insert into doctor (id, nombre, apellido, genero, imagen) values (45, 'Leonardo', 'Vivas', 'M', 'https://res.cloudinary.com/dyxvjcvz6/image/upload/v1655671851/zzp2xljykuujgij6i2it.png');
insert into doctor (id, nombre, apellido, genero, imagen) values (46, 'José', 'Colmenares', 'M', 'https://res.cloudinary.com/dyxvjcvz6/image/upload/v1655671946/mrmyipxsqyenwdo50wsy.png');
insert into doctor (id, nombre, apellido, genero, imagen) values (47, 'Abraham', 'Duque', 'M', 'https://res.cloudinary.com/dyxvjcvz6/image/upload/v1655671851/zzp2xljykuujgij6i2it.png');
insert into doctor (id, nombre, apellido, genero, imagen) values (48, 'Gabriel', 'Lozada', 'M', 'https://res.cloudinary.com/dyxvjcvz6/image/upload/v1655671802/wqj9qigpdohsx9faus8i.png');
insert into doctor (id, nombre, apellido, genero, imagen) values (49, 'Pablo', 'Perozo', 'M', 'https://res.cloudinary.com/dyxvjcvz6/image/upload/v1655671888/bbapcghpfmpbhldm5la0.png');
insert into doctor (id, nombre, apellido, genero, imagen) values (50, 'Gianpiero', 'Roque', 'M', 'https://res.cloudinary.com/dyxvjcvz6/image/upload/v1655671946/mrmyipxsqyenwdo50wsy.png');
insert into doctor (id, nombre, apellido, genero, imagen) values (51, 'Eugenia', 'Ledezma', 'F', 'https://res.cloudinary.com/dyxvjcvz6/image/upload/v1655671838/kq2ilxbdlrg38v8m0b0r.png');
insert into doctor (id, nombre, apellido, genero, imagen) values (52, 'Eugenia', 'Rincón', 'F', 'https://res.cloudinary.com/dyxvjcvz6/image/upload/v1655671908/hxa5xpnz3tbhstqvheky.png');
insert into doctor (id, nombre, apellido, genero, imagen) values (53, 'Inés', 'Figuera', 'F', 'https://res.cloudinary.com/dyxvjcvz6/image/upload/v1655671838/kq2ilxbdlrg38v8m0b0r.png');
insert into doctor (id, nombre, apellido, genero, imagen) values (54, 'Alejandra', 'Sierra', 'F', 'https://res.cloudinary.com/dyxvjcvz6/image/upload/v1655671878/ixdfglqka5v3fhgkdl5c.png');
insert into doctor (id, nombre, apellido, genero, imagen) values (55, 'Inés', 'Juárez', 'F', 'https://res.cloudinary.com/dyxvjcvz6/image/upload/v1655671908/hxa5xpnz3tbhstqvheky.png');
insert into doctor (id, nombre, apellido, genero, imagen) values (56, 'Azucena', 'Contreras', 'F', 'https://res.cloudinary.com/dyxvjcvz6/image/upload/v1655671908/hxa5xpnz3tbhstqvheky.png');
insert into doctor (id, nombre, apellido, genero, imagen) values (57, 'Emely', 'Ruiz', 'F', 'https://res.cloudinary.com/dyxvjcvz6/image/upload/v1655671930/qfkrecfzlm8spvjo85lo.png');
insert into doctor (id, nombre, apellido, genero, imagen) values (58, 'Claudia', 'Barreto', 'F', 'https://res.cloudinary.com/dyxvjcvz6/image/upload/v1655671878/ixdfglqka5v3fhgkdl5c.png');
insert into doctor (id, nombre, apellido, genero, imagen) values (59, 'Emely', 'Vivas', 'F', 'https://res.cloudinary.com/dyxvjcvz6/image/upload/v1655671878/ixdfglqka5v3fhgkdl5c.png');
insert into doctor (id, nombre, apellido, genero, imagen) values (60, 'Diana', 'Ledezma', 'F', 'https://res.cloudinary.com/dyxvjcvz6/image/upload/v1655671838/kq2ilxbdlrg38v8m0b0r.png');
insert into doctor (id, nombre, apellido, genero, imagen) values (61, 'Diana', 'Segovia', 'F', 'https://res.cloudinary.com/dyxvjcvz6/image/upload/v1655671838/kq2ilxbdlrg38v8m0b0r.png');
insert into doctor (id, nombre, apellido, genero, imagen) values (62, 'Magaly', 'Agraso', 'F', 'https://res.cloudinary.com/dyxvjcvz6/image/upload/v1655671908/hxa5xpnz3tbhstqvheky.png');
insert into doctor (id, nombre, apellido, genero, imagen) values (63, 'Magaly', 'Santamaría', 'F', 'https://res.cloudinary.com/dyxvjcvz6/image/upload/v1655671930/qfkrecfzlm8spvjo85lo.png');
insert into doctor (id, nombre, apellido, genero, imagen) values (64, 'Paola', 'Barajas', 'F', 'https://res.cloudinary.com/dyxvjcvz6/image/upload/v1655671908/hxa5xpnz3tbhstqvheky.png');
insert into doctor (id, nombre, apellido, genero, imagen) values (65, 'Ana', 'Velásquez', 'F', 'https://res.cloudinary.com/dyxvjcvz6/image/upload/v1655671908/hxa5xpnz3tbhstqvheky.png');
insert into doctor (id, nombre, apellido, genero, imagen) values (66, 'Carmen', 'Ortiz', 'F', 'https://res.cloudinary.com/dyxvjcvz6/image/upload/v1655671908/hxa5xpnz3tbhstqvheky.png');
insert into doctor (id, nombre, apellido, genero, imagen) values (67, 'Emely', 'Pacheco', 'F', 'https://res.cloudinary.com/dyxvjcvz6/image/upload/v1655671838/kq2ilxbdlrg38v8m0b0r.png');
insert into doctor (id, nombre, apellido, genero, imagen) values (68, 'Daniela', 'Roque', 'F', 'https://res.cloudinary.com/dyxvjcvz6/image/upload/v1655671838/kq2ilxbdlrg38v8m0b0r.png');
insert into doctor (id, nombre, apellido, genero, imagen) values (69, 'Ofelia', 'Rangel', 'F', 'https://res.cloudinary.com/dyxvjcvz6/image/upload/v1655671878/ixdfglqka5v3fhgkdl5c.png');
insert into doctor (id, nombre, apellido, genero, imagen) values (70, 'Yoselin', 'Contreras', 'F', 'https://res.cloudinary.com/dyxvjcvz6/image/upload/v1655671908/hxa5xpnz3tbhstqvheky.png');
insert into doctor (id, nombre, apellido, genero, imagen) values (71, 'Albany', 'Rueda', 'F', 'https://res.cloudinary.com/dyxvjcvz6/image/upload/v1655671838/kq2ilxbdlrg38v8m0b0r.png');
insert into doctor (id, nombre, apellido, genero, imagen) values (72, 'Elena', 'Vega', 'F', 'https://res.cloudinary.com/dyxvjcvz6/image/upload/v1655671878/ixdfglqka5v3fhgkdl5c.png');
insert into doctor (id, nombre, apellido, genero, imagen) values (73, 'Tina', 'Espinoza', 'F', 'https://res.cloudinary.com/dyxvjcvz6/image/upload/v1655671908/hxa5xpnz3tbhstqvheky.png');
insert into doctor (id, nombre, apellido, genero, imagen) values (74, 'Chiquinquirá', 'Chompré', 'F', 'https://res.cloudinary.com/dyxvjcvz6/image/upload/v1655671878/ixdfglqka5v3fhgkdl5c.png');
insert into doctor (id, nombre, apellido, genero, imagen) values (75, 'Arianna', 'Zambrano', 'F', 'https://res.cloudinary.com/dyxvjcvz6/image/upload/v1655671838/kq2ilxbdlrg38v8m0b0r.png');
insert into doctor (id, nombre, apellido, genero, imagen) values (76, 'Teresa', 'Giráldez', 'F', 'https://res.cloudinary.com/dyxvjcvz6/image/upload/v1655671878/ixdfglqka5v3fhgkdl5c.png');
insert into doctor (id, nombre, apellido, genero, imagen) values (77, 'Marisela', 'Chompré', 'F', 'https://res.cloudinary.com/dyxvjcvz6/image/upload/v1655671878/ixdfglqka5v3fhgkdl5c.png');
insert into doctor (id, nombre, apellido, genero, imagen) values (78, 'Marisela', 'Olivares', 'F', 'https://res.cloudinary.com/dyxvjcvz6/image/upload/v1655671838/kq2ilxbdlrg38v8m0b0r.png');
insert into doctor (id, nombre, apellido, genero, imagen) values (79, 'Liseth', 'Parmentier', 'F', 'https://res.cloudinary.com/dyxvjcvz6/image/upload/v1655671878/ixdfglqka5v3fhgkdl5c.png');
insert into doctor (id, nombre, apellido, genero, imagen) values (80, 'Ana', 'Juárez', 'F', 'https://res.cloudinary.com/dyxvjcvz6/image/upload/v1655671838/kq2ilxbdlrg38v8m0b0r.png');
insert into doctor (id, nombre, apellido, genero, imagen) values (81, 'Emely', 'Sanguino', 'F', 'https://res.cloudinary.com/dyxvjcvz6/image/upload/v1655671878/ixdfglqka5v3fhgkdl5c.png');
insert into doctor (id, nombre, apellido, genero, imagen) values (82, 'Alejandra', 'Gutiérrez', 'F', 'https://res.cloudinary.com/dyxvjcvz6/image/upload/v1655671908/hxa5xpnz3tbhstqvheky.png');
insert into doctor (id, nombre, apellido, genero, imagen) values (83, 'Gabriela', 'Sanguino', 'F', 'https://res.cloudinary.com/dyxvjcvz6/image/upload/v1655671838/kq2ilxbdlrg38v8m0b0r.png');
insert into doctor (id, nombre, apellido, genero, imagen) values (84, 'Verónica', 'Guadarrama', 'F', 'https://res.cloudinary.com/dyxvjcvz6/image/upload/v1655671930/qfkrecfzlm8spvjo85lo.png');
insert into doctor (id, nombre, apellido, genero, imagen) values (85, 'Eugenia', 'Licciardino', 'F', 'https://res.cloudinary.com/dyxvjcvz6/image/upload/v1655671878/ixdfglqka5v3fhgkdl5c.png');
insert into doctor (id, nombre, apellido, genero, imagen) values (86, 'Ana', 'Juárez', 'F', 'https://res.cloudinary.com/dyxvjcvz6/image/upload/v1655671878/ixdfglqka5v3fhgkdl5c.png');
insert into doctor (id, nombre, apellido, genero, imagen) values (87, 'Fernanda', 'Bermúdez', 'F', 'https://res.cloudinary.com/dyxvjcvz6/image/upload/v1655671838/kq2ilxbdlrg38v8m0b0r.png');
insert into doctor (id, nombre, apellido, genero, imagen) values (88, 'Fernanda', 'Sánchez', 'F', 'https://res.cloudinary.com/dyxvjcvz6/image/upload/v1655671908/hxa5xpnz3tbhstqvheky.png');
insert into doctor (id, nombre, apellido, genero, imagen) values (89, 'Elena', 'Rangel', 'F', 'https://res.cloudinary.com/dyxvjcvz6/image/upload/v1655671838/kq2ilxbdlrg38v8m0b0r.png');
insert into doctor (id, nombre, apellido, genero, imagen) values (90, 'Alejandra', 'Giráldez', 'F', 'https://res.cloudinary.com/dyxvjcvz6/image/upload/v1655671930/qfkrecfzlm8spvjo85lo.png');
insert into doctor (id, nombre, apellido, genero, imagen) values (91, 'Samantha', 'Giráldez', 'F', 'https://res.cloudinary.com/dyxvjcvz6/image/upload/v1655671908/hxa5xpnz3tbhstqvheky.png');
insert into doctor (id, nombre, apellido, genero, imagen) values (92, 'Hillary', 'Nasca', 'F', 'https://res.cloudinary.com/dyxvjcvz6/image/upload/v1655671838/kq2ilxbdlrg38v8m0b0r.png');
insert into doctor (id, nombre, apellido, genero, imagen) values (93, 'Beatriz', 'Fermín', 'F', 'https://res.cloudinary.com/dyxvjcvz6/image/upload/v1655671878/ixdfglqka5v3fhgkdl5c.png');
insert into doctor (id, nombre, apellido, genero, imagen) values (94, 'María', 'Ferreira', 'F', 'https://res.cloudinary.com/dyxvjcvz6/image/upload/v1655671908/hxa5xpnz3tbhstqvheky.png');
insert into doctor (id, nombre, apellido, genero, imagen) values (95, 'Beatriz', 'Guadarrama', 'F', 'https://res.cloudinary.com/dyxvjcvz6/image/upload/v1655671930/qfkrecfzlm8spvjo85lo.png');
insert into doctor (id, nombre, apellido, genero, imagen) values (96, 'Verónica', 'Barajas', 'F', 'https://res.cloudinary.com/dyxvjcvz6/image/upload/v1655671838/kq2ilxbdlrg38v8m0b0r.png');
insert into doctor (id, nombre, apellido, genero, imagen) values (97, 'Beatriz', 'Agraso', 'F', 'https://res.cloudinary.com/dyxvjcvz6/image/upload/v1655671908/hxa5xpnz3tbhstqvheky.png');
insert into doctor (id, nombre, apellido, genero, imagen) values (98, 'Margarita', 'Rubio', 'F', 'https://res.cloudinary.com/dyxvjcvz6/image/upload/v1655671838/kq2ilxbdlrg38v8m0b0r.png');
insert into doctor (id, nombre, apellido, genero, imagen) values (99, 'Yoselin', 'Hernández', 'F', 'https://res.cloudinary.com/dyxvjcvz6/image/upload/v1655671838/kq2ilxbdlrg38v8m0b0r.png');
insert into doctor (id, nombre, apellido, genero, imagen) values (100, 'Sofía', 'Belizario', 'F', 'https://res.cloudinary.com/dyxvjcvz6/image/upload/v1655671878/ixdfglqka5v3fhgkdl5c.png');

-- Especialidades:
insert into especialidad (id, nombre) values (1, 'Alergología');
insert into especialidad (id, nombre) values (2, 'Anestesiología');
insert into especialidad (id, nombre) values (3, 'Cardiología');
insert into especialidad (id, nombre) values (4, 'Dermatología');
insert into especialidad (id, nombre) values (5, 'Endocrinología');
insert into especialidad (id, nombre) values (6, 'Geriatría');
insert into especialidad (id, nombre) values (7, 'Hematología');
insert into especialidad (id, nombre) values (8, 'Medicina interna');
insert into especialidad (id, nombre) values (9, 'Nefrología');
insert into especialidad (id, nombre) values (10, 'Neumología');
insert into especialidad (id, nombre) values (11, 'Neurología');
insert into especialidad (id, nombre) values (12, 'Oncología');
insert into especialidad (id, nombre) values (13, 'Pediatría');
insert into especialidad (id, nombre) values (14, 'Psiquiatría');
insert into especialidad (id, nombre) values (15, 'Rehabilitación');
insert into especialidad (id, nombre) values (16, 'Reumatología');
insert into especialidad (id, nombre) values (17, 'Ginecología');
insert into especialidad (id, nombre) values (18, 'Oftalmología');
insert into especialidad (id, nombre) values (19, 'Otorrinolaringología');
insert into especialidad (id, nombre) values (20, 'Urología');

-- Relaciones doctor-especialidad:
insert into doctor_especialidad (id_doctor, id_especialidad) values (1, 5);
insert into doctor_especialidad (id_doctor, id_especialidad) values (2, 4);
insert into doctor_especialidad (id_doctor, id_especialidad) values (3, 3);
insert into doctor_especialidad (id_doctor, id_especialidad) values (4, 3);
insert into doctor_especialidad (id_doctor, id_especialidad) values (5, 4);
insert into doctor_especialidad (id_doctor, id_especialidad) values (6, 1);
insert into doctor_especialidad (id_doctor, id_especialidad) values (7, 17);
insert into doctor_especialidad (id_doctor, id_especialidad) values (8, 5);
insert into doctor_especialidad (id_doctor, id_especialidad) values (9, 16);
insert into doctor_especialidad (id_doctor, id_especialidad) values (10, 4);
insert into doctor_especialidad (id_doctor, id_especialidad) values (11, 3);
insert into doctor_especialidad (id_doctor, id_especialidad) values (12, 5);
insert into doctor_especialidad (id_doctor, id_especialidad) values (13, 11);
insert into doctor_especialidad (id_doctor, id_especialidad) values (14, 13);
insert into doctor_especialidad (id_doctor, id_especialidad) values (15, 12);
insert into doctor_especialidad (id_doctor, id_especialidad) values (16, 6);
insert into doctor_especialidad (id_doctor, id_especialidad) values (17, 6);
insert into doctor_especialidad (id_doctor, id_especialidad) values (18, 17);
insert into doctor_especialidad (id_doctor, id_especialidad) values (19, 17);
insert into doctor_especialidad (id_doctor, id_especialidad) values (20, 3);
insert into doctor_especialidad (id_doctor, id_especialidad) values (21, 5);
insert into doctor_especialidad (id_doctor, id_especialidad) values (22, 1);
insert into doctor_especialidad (id_doctor, id_especialidad) values (23, 9);
insert into doctor_especialidad (id_doctor, id_especialidad) values (24, 13);
insert into doctor_especialidad (id_doctor, id_especialidad) values (25, 7);
insert into doctor_especialidad (id_doctor, id_especialidad) values (26, 3);
insert into doctor_especialidad (id_doctor, id_especialidad) values (27, 3);
insert into doctor_especialidad (id_doctor, id_especialidad) values (28, 15);
insert into doctor_especialidad (id_doctor, id_especialidad) values (29, 17);
insert into doctor_especialidad (id_doctor, id_especialidad) values (30, 10);
insert into doctor_especialidad (id_doctor, id_especialidad) values (31, 20);
insert into doctor_especialidad (id_doctor, id_especialidad) values (32, 14);
insert into doctor_especialidad (id_doctor, id_especialidad) values (33, 5);
insert into doctor_especialidad (id_doctor, id_especialidad) values (34, 2);
insert into doctor_especialidad (id_doctor, id_especialidad) values (35, 5);
insert into doctor_especialidad (id_doctor, id_especialidad) values (36, 13);
insert into doctor_especialidad (id_doctor, id_especialidad) values (37, 2);
insert into doctor_especialidad (id_doctor, id_especialidad) values (38, 9);
insert into doctor_especialidad (id_doctor, id_especialidad) values (39, 19);
insert into doctor_especialidad (id_doctor, id_especialidad) values (40, 5);
insert into doctor_especialidad (id_doctor, id_especialidad) values (41, 14);
insert into doctor_especialidad (id_doctor, id_especialidad) values (42, 8);
insert into doctor_especialidad (id_doctor, id_especialidad) values (43, 5);
insert into doctor_especialidad (id_doctor, id_especialidad) values (44, 16);
insert into doctor_especialidad (id_doctor, id_especialidad) values (45, 1);
insert into doctor_especialidad (id_doctor, id_especialidad) values (46, 20);
insert into doctor_especialidad (id_doctor, id_especialidad) values (47, 13);
insert into doctor_especialidad (id_doctor, id_especialidad) values (48, 3);
insert into doctor_especialidad (id_doctor, id_especialidad) values (49, 16);
insert into doctor_especialidad (id_doctor, id_especialidad) values (50, 19);
insert into doctor_especialidad (id_doctor, id_especialidad) values (51, 17);
insert into doctor_especialidad (id_doctor, id_especialidad) values (52, 12);
insert into doctor_especialidad (id_doctor, id_especialidad) values (53, 9);
insert into doctor_especialidad (id_doctor, id_especialidad) values (54, 3);
insert into doctor_especialidad (id_doctor, id_especialidad) values (55, 16);
insert into doctor_especialidad (id_doctor, id_especialidad) values (56, 9);
insert into doctor_especialidad (id_doctor, id_especialidad) values (57, 8);
insert into doctor_especialidad (id_doctor, id_especialidad) values (58, 15);
insert into doctor_especialidad (id_doctor, id_especialidad) values (59, 13);
insert into doctor_especialidad (id_doctor, id_especialidad) values (60, 1);
insert into doctor_especialidad (id_doctor, id_especialidad) values (61, 9);
insert into doctor_especialidad (id_doctor, id_especialidad) values (62, 11);
insert into doctor_especialidad (id_doctor, id_especialidad) values (63, 11);
insert into doctor_especialidad (id_doctor, id_especialidad) values (64, 1);
insert into doctor_especialidad (id_doctor, id_especialidad) values (65, 20);
insert into doctor_especialidad (id_doctor, id_especialidad) values (66, 13);
insert into doctor_especialidad (id_doctor, id_especialidad) values (67, 20);
insert into doctor_especialidad (id_doctor, id_especialidad) values (68, 10);
insert into doctor_especialidad (id_doctor, id_especialidad) values (69, 7);
insert into doctor_especialidad (id_doctor, id_especialidad) values (70, 12);
insert into doctor_especialidad (id_doctor, id_especialidad) values (71, 13);
insert into doctor_especialidad (id_doctor, id_especialidad) values (72, 10);
insert into doctor_especialidad (id_doctor, id_especialidad) values (73, 16);
insert into doctor_especialidad (id_doctor, id_especialidad) values (74, 10);
insert into doctor_especialidad (id_doctor, id_especialidad) values (75, 12);
insert into doctor_especialidad (id_doctor, id_especialidad) values (76, 2);
insert into doctor_especialidad (id_doctor, id_especialidad) values (77, 9);
insert into doctor_especialidad (id_doctor, id_especialidad) values (78, 10);
insert into doctor_especialidad (id_doctor, id_especialidad) values (79, 15);
insert into doctor_especialidad (id_doctor, id_especialidad) values (80, 7);
insert into doctor_especialidad (id_doctor, id_especialidad) values (81, 13);
insert into doctor_especialidad (id_doctor, id_especialidad) values (82, 13);
insert into doctor_especialidad (id_doctor, id_especialidad) values (83, 10);
insert into doctor_especialidad (id_doctor, id_especialidad) values (84, 10);
insert into doctor_especialidad (id_doctor, id_especialidad) values (85, 18);
insert into doctor_especialidad (id_doctor, id_especialidad) values (86, 14);
insert into doctor_especialidad (id_doctor, id_especialidad) values (87, 7);
insert into doctor_especialidad (id_doctor, id_especialidad) values (88, 15);
insert into doctor_especialidad (id_doctor, id_especialidad) values (89, 11);
insert into doctor_especialidad (id_doctor, id_especialidad) values (90, 7);
insert into doctor_especialidad (id_doctor, id_especialidad) values (91, 16);
insert into doctor_especialidad (id_doctor, id_especialidad) values (92, 4);
insert into doctor_especialidad (id_doctor, id_especialidad) values (93, 6);
insert into doctor_especialidad (id_doctor, id_especialidad) values (94, 9);
insert into doctor_especialidad (id_doctor, id_especialidad) values (95, 19);
insert into doctor_especialidad (id_doctor, id_especialidad) values (96, 7);
insert into doctor_especialidad (id_doctor, id_especialidad) values (97, 13);
insert into doctor_especialidad (id_doctor, id_especialidad) values (98, 7);
insert into doctor_especialidad (id_doctor, id_especialidad) values (99, 15);
insert into doctor_especialidad (id_doctor, id_especialidad) values (100, 20);
insert into doctor_especialidad (id_doctor, id_especialidad) values (48, 20);
insert into doctor_especialidad (id_doctor, id_especialidad) values (65, 7);
insert into doctor_especialidad (id_doctor, id_especialidad) values (73, 19);
insert into doctor_especialidad (id_doctor, id_especialidad) values (26, 17);
insert into doctor_especialidad (id_doctor, id_especialidad) values (78, 16);
insert into doctor_especialidad (id_doctor, id_especialidad) values (57, 18);
insert into doctor_especialidad (id_doctor, id_especialidad) values (45, 2);
insert into doctor_especialidad (id_doctor, id_especialidad) values (82, 9);
insert into doctor_especialidad (id_doctor, id_especialidad) values (20, 4);
insert into doctor_especialidad (id_doctor, id_especialidad) values (57, 20);
insert into doctor_especialidad (id_doctor, id_especialidad) values (13, 13);
insert into doctor_especialidad (id_doctor, id_especialidad) values (57, 12);
insert into doctor_especialidad (id_doctor, id_especialidad) values (82, 11);
insert into doctor_especialidad (id_doctor, id_especialidad) values (56, 3);
insert into doctor_especialidad (id_doctor, id_especialidad) values (88, 20);
insert into doctor_especialidad (id_doctor, id_especialidad) values (95, 4);
insert into doctor_especialidad (id_doctor, id_especialidad) values (22, 8);
insert into doctor_especialidad (id_doctor, id_especialidad) values (88, 4);
insert into doctor_especialidad (id_doctor, id_especialidad) values (53, 1);
insert into doctor_especialidad (id_doctor, id_especialidad) values (38, 5);
insert into doctor_especialidad (id_doctor, id_especialidad) values (24, 10);
insert into doctor_especialidad (id_doctor, id_especialidad) values (47, 15);
insert into doctor_especialidad (id_doctor, id_especialidad) values (3, 10);
insert into doctor_especialidad (id_doctor, id_especialidad) values (71, 9);
insert into doctor_especialidad (id_doctor, id_especialidad) values (89, 5);