-- Crear BD:
CREATE DATABASE api CHARACTER SET utf8 COLLATE utf8_unicode_ci;

-- Doctores:
insert into doctor (id, nombre, apellido, genero) values (1, 'Álvaro', 'Perozo', 'M');
insert into doctor (id, nombre, apellido, genero) values (2, 'Eduardo', 'Suárez', 'M');
insert into doctor (id, nombre, apellido, genero) values (3, 'Victor', 'Roque', 'M');
insert into doctor (id, nombre, apellido, genero) values (4, 'Jesús', 'Macero', 'M');
insert into doctor (id, nombre, apellido, genero) values (5, 'Ignacio', 'Nasca', 'M');
insert into doctor (id, nombre, apellido, genero) values (6, 'Ángel', 'Velásquez', 'M');
insert into doctor (id, nombre, apellido, genero) values (7, 'David', 'Barreto', 'M');
insert into doctor (id, nombre, apellido, genero) values (8, 'Victor', 'Suárez', 'M');
insert into doctor (id, nombre, apellido, genero) values (9, 'Diego', 'Ferreira', 'M');
insert into doctor (id, nombre, apellido, genero) values (10, 'Franco', 'Alvarez', 'M');
insert into doctor (id, nombre, apellido, genero) values (11, 'Vicente', 'Madriz', 'M');
insert into doctor (id, nombre, apellido, genero) values (12, 'Alejandro', 'Gutiérrez', 'M');
insert into doctor (id, nombre, apellido, genero) values (13, 'Victor', 'Pacheco', 'M');
insert into doctor (id, nombre, apellido, genero) values (14, 'Tomás', 'Picado', 'M');
insert into doctor (id, nombre, apellido, genero) values (15, 'Antonio', 'Sánchez', 'M');
insert into doctor (id, nombre, apellido, genero) values (16, 'David', 'Barrios', 'M');
insert into doctor (id, nombre, apellido, genero) values (17, 'Tomás', 'Zambrano', 'M');
insert into doctor (id, nombre, apellido, genero) values (18, 'Iván', 'Melgarejo', 'M');
insert into doctor (id, nombre, apellido, genero) values (19, 'Christian', 'Mellado', 'M');
insert into doctor (id, nombre, apellido, genero) values (20, 'Pablo', 'Durán', 'M');
insert into doctor (id, nombre, apellido, genero) values (21, 'Erick', 'Espinoza', 'M');
insert into doctor (id, nombre, apellido, genero) values (22, 'Angelo', 'Rueda', 'M');
insert into doctor (id, nombre, apellido, genero) values (23, 'Franco', 'Guzmán', 'M');
insert into doctor (id, nombre, apellido, genero) values (24, 'Gianpiero', 'Villanueva', 'M');
insert into doctor (id, nombre, apellido, genero) values (25, 'Ángel', 'Segovia', 'M');
insert into doctor (id, nombre, apellido, genero) values (26, 'Tobías', 'Madriz', 'M');
insert into doctor (id, nombre, apellido, genero) values (27, 'Angelo', 'Ruiz', 'M');
insert into doctor (id, nombre, apellido, genero) values (28, 'Gregorio', 'Lozada', 'M');
insert into doctor (id, nombre, apellido, genero) values (29, 'Miguel', 'Madriz', 'M');
insert into doctor (id, nombre, apellido, genero) values (30, 'Ismael', 'Vivas', 'M');
insert into doctor (id, nombre, apellido, genero) values (31, 'Daniel', 'Picado', 'M');
insert into doctor (id, nombre, apellido, genero) values (32, 'Andrés', 'Duque', 'M');
insert into doctor (id, nombre, apellido, genero) values (33, 'Juan', 'Ortiz', 'M');
insert into doctor (id, nombre, apellido, genero) values (34, 'Pablo', 'Romero', 'M');
insert into doctor (id, nombre, apellido, genero) values (35, 'Javier', 'Guararima', 'M');
insert into doctor (id, nombre, apellido, genero) values (36, 'Alejandro', 'Zuñiga', 'M');
insert into doctor (id, nombre, apellido, genero) values (37, 'Juan', 'Roque', 'M');
insert into doctor (id, nombre, apellido, genero) values (38, 'Iván', 'Rincón', 'M');
insert into doctor (id, nombre, apellido, genero) values (39, 'Juan', 'Pérez', 'M');
insert into doctor (id, nombre, apellido, genero) values (40, 'David', 'Madriz', 'M');
insert into doctor (id, nombre, apellido, genero) values (41, 'Ricardo', 'Zuñiga', 'M');
insert into doctor (id, nombre, apellido, genero) values (42, 'Andrés', 'Larez', 'M');
insert into doctor (id, nombre, apellido, genero) values (43, 'Alfredo', 'Figuera', 'M');
insert into doctor (id, nombre, apellido, genero) values (44, 'Tomás', 'Rubio', 'M');
insert into doctor (id, nombre, apellido, genero) values (45, 'Tomás', 'Ruiz', 'M');
insert into doctor (id, nombre, apellido, genero) values (46, 'Miguel', 'Velásquez', 'M');
insert into doctor (id, nombre, apellido, genero) values (47, 'Ernesto', 'Juárez', 'M');
insert into doctor (id, nombre, apellido, genero) values (48, 'Juan', 'Zambrano', 'M');
insert into doctor (id, nombre, apellido, genero) values (49, 'Oscar', 'Juárez', 'M');
insert into doctor (id, nombre, apellido, genero) values (50, 'José', 'Contreras', 'M');
insert into doctor (id, nombre, apellido, genero) values (51, 'Gabriela', 'Roque', 'F');
insert into doctor (id, nombre, apellido, genero) values (52, 'María', 'Perozo', 'F');
insert into doctor (id, nombre, apellido, genero) values (53, 'Emma', 'Guzmán', 'F');
insert into doctor (id, nombre, apellido, genero) values (54, 'María', 'Macero', 'F');
insert into doctor (id, nombre, apellido, genero) values (55, 'Margarita', 'Khawam', 'F');
insert into doctor (id, nombre, apellido, genero) values (56, 'Yoselin', 'Contreras', 'F');
insert into doctor (id, nombre, apellido, genero) values (57, 'María', 'Velásquez', 'F');
insert into doctor (id, nombre, apellido, genero) values (58, 'Yoselin', 'Rueda', 'F');
insert into doctor (id, nombre, apellido, genero) values (59, 'Sandra', 'Rangel', 'F');
insert into doctor (id, nombre, apellido, genero) values (60, 'Vanessa', 'Suárez', 'F');
insert into doctor (id, nombre, apellido, genero) values (61, 'Elena', 'Guzmán', 'F');
insert into doctor (id, nombre, apellido, genero) values (62, 'Marisela', 'Hernández', 'F');
insert into doctor (id, nombre, apellido, genero) values (63, 'Paola', 'Bermúdez', 'F');
insert into doctor (id, nombre, apellido, genero) values (64, 'Azucena', 'Parmentier', 'F');
insert into doctor (id, nombre, apellido, genero) values (65, 'Gabriela', 'Ferreira', 'F');
insert into doctor (id, nombre, apellido, genero) values (66, 'Josefa', 'Colmenares', 'F');
insert into doctor (id, nombre, apellido, genero) values (67, 'Alejandra', 'Suárez', 'F');
insert into doctor (id, nombre, apellido, genero) values (68, 'Inés', 'Nasca', 'F');
insert into doctor (id, nombre, apellido, genero) values (69, 'Magaly', 'Ortiz', 'F');
insert into doctor (id, nombre, apellido, genero) values (70, 'Magaly', 'Guadarrama', 'F');
insert into doctor (id, nombre, apellido, genero) values (71, 'Yoselin', 'Madriz', 'F');
insert into doctor (id, nombre, apellido, genero) values (72, 'Inés', 'Bermúdez', 'F');
insert into doctor (id, nombre, apellido, genero) values (73, 'Magaly', 'Suárez', 'F');
insert into doctor (id, nombre, apellido, genero) values (74, 'Vanessa', 'Bustillo', 'F');
insert into doctor (id, nombre, apellido, genero) values (75, 'Oriana', 'Vivas', 'F');
insert into doctor (id, nombre, apellido, genero) values (76, 'Sofía', 'Vivas', 'F');
insert into doctor (id, nombre, apellido, genero) values (77, 'Valeria', 'Barrios', 'F');
insert into doctor (id, nombre, apellido, genero) values (78, 'Verona', 'Rueda', 'F');
insert into doctor (id, nombre, apellido, genero) values (79, 'María', 'Duque', 'F');
insert into doctor (id, nombre, apellido, genero) values (80, 'Ofelia', 'Agraso', 'F');
insert into doctor (id, nombre, apellido, genero) values (81, 'Teresa', 'Ferreira', 'F');
insert into doctor (id, nombre, apellido, genero) values (82, 'Hillary', 'Sanguino', 'F');
insert into doctor (id, nombre, apellido, genero) values (83, 'Ofelia', 'Fermín', 'F');
insert into doctor (id, nombre, apellido, genero) values (84, 'Verona', 'Agraso', 'F');
insert into doctor (id, nombre, apellido, genero) values (85, 'Hillary', 'Pacheco', 'F');
insert into doctor (id, nombre, apellido, genero) values (86, 'Magaly', 'Ramírez', 'F');
insert into doctor (id, nombre, apellido, genero) values (87, 'Ofelia', 'Ruiz', 'F');
insert into doctor (id, nombre, apellido, genero) values (88, 'Verona', 'Guadarrama', 'F');
insert into doctor (id, nombre, apellido, genero) values (89, 'Samantha', 'Zuñiga', 'F');
insert into doctor (id, nombre, apellido, genero) values (90, 'Ofelia', 'Figuera', 'F');
insert into doctor (id, nombre, apellido, genero) values (91, 'Carmen', 'Barreto', 'F');
insert into doctor (id, nombre, apellido, genero) values (92, 'Oriana', 'Vielma', 'F');
insert into doctor (id, nombre, apellido, genero) values (93, 'Hillary', 'Sanguino', 'F');
insert into doctor (id, nombre, apellido, genero) values (94, 'Emma', 'Vielma', 'F');
insert into doctor (id, nombre, apellido, genero) values (95, 'Mariam', 'Millan', 'F');
insert into doctor (id, nombre, apellido, genero) values (96, 'Claudia', 'Zuñiga', 'F');
insert into doctor (id, nombre, apellido, genero) values (97, 'Fernanda', 'Figuera', 'F');
insert into doctor (id, nombre, apellido, genero) values (98, 'Verónica', 'Viloria', 'F');
insert into doctor (id, nombre, apellido, genero) values (99, 'Stephany', 'Vielma', 'F');
insert into doctor (id, nombre, apellido, genero) values (100, 'Teresa', 'Nasca', 'F');

-- Especialidades:
insert into especialidad (id, nombre) values (1, 'Alergología');
insert into especialidad (id, nombre) values (2, 'Anestesiología');
insert into especialidad (id, nombre) values (3, 'Cardiología');
insert into especialidad (id, nombre) values (4, 'Dermatología');
insert into especialidad (id, nombre) values (5, 'Endocrinología');
insert into especialidad (id, nombre) values (6, 'Geriatría');
insert into especialidad (id, nombre) values (7, 'Hematología');
insert into especialidad (id, nombre) values (8, 'Medicina interna');
insert into especialidad (id, nombre) values (9, 'Nefrología');
insert into especialidad (id, nombre) values (10, 'Neumología');
insert into especialidad (id, nombre) values (11, 'Neurología');
insert into especialidad (id, nombre) values (12, 'Oncología');
insert into especialidad (id, nombre) values (13, 'Pediatría');
insert into especialidad (id, nombre) values (14, 'Psiquiatría');
insert into especialidad (id, nombre) values (15, 'Rehabilitación');
insert into especialidad (id, nombre) values (16, 'Reumatología');
insert into especialidad (id, nombre) values (17, 'Obstetricia');
insert into especialidad (id, nombre) values (18, 'Oftalmología');
insert into especialidad (id, nombre) values (19, 'Otorrinolaringología');
insert into especialidad (id, nombre) values (20, 'Urología');

-- Relaciones doctor-especialidad:
insert into doctor_especialidad (id_doctor, id_especialidad) values (1, 5);
insert into doctor_especialidad (id_doctor, id_especialidad) values (2, 4);
insert into doctor_especialidad (id_doctor, id_especialidad) values (3, 3);
insert into doctor_especialidad (id_doctor, id_especialidad) values (4, 3);
insert into doctor_especialidad (id_doctor, id_especialidad) values (5, 4);
insert into doctor_especialidad (id_doctor, id_especialidad) values (6, 1);
insert into doctor_especialidad (id_doctor, id_especialidad) values (7, 17);
insert into doctor_especialidad (id_doctor, id_especialidad) values (8, 5);
insert into doctor_especialidad (id_doctor, id_especialidad) values (9, 16);
insert into doctor_especialidad (id_doctor, id_especialidad) values (10, 4);
insert into doctor_especialidad (id_doctor, id_especialidad) values (11, 3);
insert into doctor_especialidad (id_doctor, id_especialidad) values (12, 5);
insert into doctor_especialidad (id_doctor, id_especialidad) values (13, 11);
insert into doctor_especialidad (id_doctor, id_especialidad) values (14, 13);
insert into doctor_especialidad (id_doctor, id_especialidad) values (15, 12);
insert into doctor_especialidad (id_doctor, id_especialidad) values (16, 6);
insert into doctor_especialidad (id_doctor, id_especialidad) values (17, 6);
insert into doctor_especialidad (id_doctor, id_especialidad) values (18, 17);
insert into doctor_especialidad (id_doctor, id_especialidad) values (19, 17);
insert into doctor_especialidad (id_doctor, id_especialidad) values (20, 3);
insert into doctor_especialidad (id_doctor, id_especialidad) values (21, 5);
insert into doctor_especialidad (id_doctor, id_especialidad) values (22, 1);
insert into doctor_especialidad (id_doctor, id_especialidad) values (23, 9);
insert into doctor_especialidad (id_doctor, id_especialidad) values (24, 13);
insert into doctor_especialidad (id_doctor, id_especialidad) values (25, 7);
insert into doctor_especialidad (id_doctor, id_especialidad) values (26, 3);
insert into doctor_especialidad (id_doctor, id_especialidad) values (27, 3);
insert into doctor_especialidad (id_doctor, id_especialidad) values (28, 15);
insert into doctor_especialidad (id_doctor, id_especialidad) values (29, 17);
insert into doctor_especialidad (id_doctor, id_especialidad) values (30, 10);
insert into doctor_especialidad (id_doctor, id_especialidad) values (31, 20);
insert into doctor_especialidad (id_doctor, id_especialidad) values (32, 14);
insert into doctor_especialidad (id_doctor, id_especialidad) values (33, 5);
insert into doctor_especialidad (id_doctor, id_especialidad) values (34, 2);
insert into doctor_especialidad (id_doctor, id_especialidad) values (35, 5);
insert into doctor_especialidad (id_doctor, id_especialidad) values (36, 13);
insert into doctor_especialidad (id_doctor, id_especialidad) values (37, 2);
insert into doctor_especialidad (id_doctor, id_especialidad) values (38, 9);
insert into doctor_especialidad (id_doctor, id_especialidad) values (39, 19);
insert into doctor_especialidad (id_doctor, id_especialidad) values (40, 5);
insert into doctor_especialidad (id_doctor, id_especialidad) values (41, 14);
insert into doctor_especialidad (id_doctor, id_especialidad) values (42, 8);
insert into doctor_especialidad (id_doctor, id_especialidad) values (43, 5);
insert into doctor_especialidad (id_doctor, id_especialidad) values (44, 16);
insert into doctor_especialidad (id_doctor, id_especialidad) values (45, 1);
insert into doctor_especialidad (id_doctor, id_especialidad) values (46, 20);
insert into doctor_especialidad (id_doctor, id_especialidad) values (47, 13);
insert into doctor_especialidad (id_doctor, id_especialidad) values (48, 3);
insert into doctor_especialidad (id_doctor, id_especialidad) values (49, 16);
insert into doctor_especialidad (id_doctor, id_especialidad) values (50, 19);
insert into doctor_especialidad (id_doctor, id_especialidad) values (51, 17);
insert into doctor_especialidad (id_doctor, id_especialidad) values (52, 12);
insert into doctor_especialidad (id_doctor, id_especialidad) values (53, 9);
insert into doctor_especialidad (id_doctor, id_especialidad) values (54, 3);
insert into doctor_especialidad (id_doctor, id_especialidad) values (55, 16);
insert into doctor_especialidad (id_doctor, id_especialidad) values (56, 9);
insert into doctor_especialidad (id_doctor, id_especialidad) values (57, 8);
insert into doctor_especialidad (id_doctor, id_especialidad) values (58, 15);
insert into doctor_especialidad (id_doctor, id_especialidad) values (59, 13);
insert into doctor_especialidad (id_doctor, id_especialidad) values (60, 1);
insert into doctor_especialidad (id_doctor, id_especialidad) values (61, 9);
insert into doctor_especialidad (id_doctor, id_especialidad) values (62, 11);
insert into doctor_especialidad (id_doctor, id_especialidad) values (63, 11);
insert into doctor_especialidad (id_doctor, id_especialidad) values (64, 1);
insert into doctor_especialidad (id_doctor, id_especialidad) values (65, 20);
insert into doctor_especialidad (id_doctor, id_especialidad) values (66, 13);
insert into doctor_especialidad (id_doctor, id_especialidad) values (67, 20);
insert into doctor_especialidad (id_doctor, id_especialidad) values (68, 10);
insert into doctor_especialidad (id_doctor, id_especialidad) values (69, 7);
insert into doctor_especialidad (id_doctor, id_especialidad) values (70, 12);
insert into doctor_especialidad (id_doctor, id_especialidad) values (71, 13);
insert into doctor_especialidad (id_doctor, id_especialidad) values (72, 10);
insert into doctor_especialidad (id_doctor, id_especialidad) values (73, 16);
insert into doctor_especialidad (id_doctor, id_especialidad) values (74, 10);
insert into doctor_especialidad (id_doctor, id_especialidad) values (75, 12);
insert into doctor_especialidad (id_doctor, id_especialidad) values (76, 2);
insert into doctor_especialidad (id_doctor, id_especialidad) values (77, 9);
insert into doctor_especialidad (id_doctor, id_especialidad) values (78, 10);
insert into doctor_especialidad (id_doctor, id_especialidad) values (79, 15);
insert into doctor_especialidad (id_doctor, id_especialidad) values (80, 7);
insert into doctor_especialidad (id_doctor, id_especialidad) values (81, 13);
insert into doctor_especialidad (id_doctor, id_especialidad) values (82, 13);
insert into doctor_especialidad (id_doctor, id_especialidad) values (83, 10);
insert into doctor_especialidad (id_doctor, id_especialidad) values (84, 10);
insert into doctor_especialidad (id_doctor, id_especialidad) values (85, 18);
insert into doctor_especialidad (id_doctor, id_especialidad) values (86, 14);
insert into doctor_especialidad (id_doctor, id_especialidad) values (87, 7);
insert into doctor_especialidad (id_doctor, id_especialidad) values (88, 15);
insert into doctor_especialidad (id_doctor, id_especialidad) values (89, 11);
insert into doctor_especialidad (id_doctor, id_especialidad) values (90, 7);
insert into doctor_especialidad (id_doctor, id_especialidad) values (91, 16);
insert into doctor_especialidad (id_doctor, id_especialidad) values (92, 4);
insert into doctor_especialidad (id_doctor, id_especialidad) values (93, 6);
insert into doctor_especialidad (id_doctor, id_especialidad) values (94, 9);
insert into doctor_especialidad (id_doctor, id_especialidad) values (95, 19);
insert into doctor_especialidad (id_doctor, id_especialidad) values (96, 7);
insert into doctor_especialidad (id_doctor, id_especialidad) values (97, 13);
insert into doctor_especialidad (id_doctor, id_especialidad) values (98, 7);
insert into doctor_especialidad (id_doctor, id_especialidad) values (99, 15);
insert into doctor_especialidad (id_doctor, id_especialidad) values (100, 20);
insert into doctor_especialidad (id_doctor, id_especialidad) values (48, 20);
insert into doctor_especialidad (id_doctor, id_especialidad) values (65, 7);
insert into doctor_especialidad (id_doctor, id_especialidad) values (73, 19);
insert into doctor_especialidad (id_doctor, id_especialidad) values (26, 17);
insert into doctor_especialidad (id_doctor, id_especialidad) values (78, 16);
insert into doctor_especialidad (id_doctor, id_especialidad) values (57, 18);
insert into doctor_especialidad (id_doctor, id_especialidad) values (45, 2);
insert into doctor_especialidad (id_doctor, id_especialidad) values (82, 9);
insert into doctor_especialidad (id_doctor, id_especialidad) values (20, 4);
insert into doctor_especialidad (id_doctor, id_especialidad) values (57, 20);
insert into doctor_especialidad (id_doctor, id_especialidad) values (13, 13);
insert into doctor_especialidad (id_doctor, id_especialidad) values (57, 12);
insert into doctor_especialidad (id_doctor, id_especialidad) values (82, 11);
insert into doctor_especialidad (id_doctor, id_especialidad) values (56, 3);
insert into doctor_especialidad (id_doctor, id_especialidad) values (88, 20);
insert into doctor_especialidad (id_doctor, id_especialidad) values (95, 4);
insert into doctor_especialidad (id_doctor, id_especialidad) values (22, 8);
insert into doctor_especialidad (id_doctor, id_especialidad) values (88, 4);
insert into doctor_especialidad (id_doctor, id_especialidad) values (53, 1);
insert into doctor_especialidad (id_doctor, id_especialidad) values (38, 5);
insert into doctor_especialidad (id_doctor, id_especialidad) values (24, 10);
insert into doctor_especialidad (id_doctor, id_especialidad) values (47, 15);
insert into doctor_especialidad (id_doctor, id_especialidad) values (3, 10);
insert into doctor_especialidad (id_doctor, id_especialidad) values (71, 9);
insert into doctor_especialidad (id_doctor, id_especialidad) values (89, 5);